-- Inserciones en la tabla INVENTARIO
INSERT INTO INVENTARIO (nombre_producto, tipo, descripcion, litros, grados, imagen, paquete, precio_detal, precio_mayorista, stock, status) VALUES
('Lagrimauva', 'Vinos', 'Un vino tinto suave y afrutado, ideal para acompañar carnes rojas y pastas.', 1, 12, '/images/Licores/vino-lagrimauva.jpg', 12, 10.00, 8.00, 100, 'active'),
('Carupano', 'Ron', 'Ron oscuro de sabor intenso, perfecto para disfrutar solo o en cócteles.', 1, 40, '/images/Licores/ron-carupano.jpg', 12, 12.00, 10.00, 100 , 'active'),
('Highland', 'Whisky', 'Whisky escocés con notas de frutas y especias, ideal para beber solo o con hielo.', 1, 40, '/images/Licores/whisky-highland.png', 12, 15.00, 12.00, 100, 'active'),
('Monumental', 'Sangria', 'Sangría refrescante con frutas, perfecta para compartir en reuniones.', 1, 7, '/images/Licores/sangria-monumental.jpeg', 12, 9.00, 7.50, 100, 'active'),
('Oldpar', 'Whisky', 'Un whisky de malta con un sabor robusto y un final ahumado.', 1, 40, '/images/Licores/whisky-oldpar.jpg', 12, 18.00, 15.00, 100, 'active'),
('Buchanan', 'Whisky', 'Whisky suave y equilibrado, con un toque de miel y vainilla.', 1, 40, '/images/Licores/whisky-buchanan.jpg', 12, 20.00, 17.00, 100, 'active'),
('Kingofqueens', 'Whisky', 'Un whisky de alta calidad con un perfil de sabor complejo y refinado.', 1, 40, '/images/Licores/whisky-kingofqueens.jpg', 12, 22.00, 19.00, 100, 'active'),
('Grant12', 'Whisky', 'Whisky de 12 años con un sabor suave y afrutado, ideal para los amantes del whisky.', 1, 40, '/images/Licores/whisky-grant12.jpg', 12, 25.00, 22.00, 100, 'active'),
('Canaclara', 'Aguardiente', 'Aguardiente con un sabor fuerte y un toque de anís, perfecto para celebrar.', 1, 50, '/images/Licores/aguardiente-canaclara.png', 12, 10.00, 8.00, 100, 'active'),
('Breezeice', 'Vodka', 'Vodka puro y suave, ideal para cócteles y mezclas.', 1, 35, '/images/Licores/vodka-breezeice.jpg', 12, 15.00, 13.00, 100, 'active'),
('Cincoestrellas', 'Ron', 'Ron de calidad premium, con un sabor rico y profundo.', 1, 40, '/images/Licores/ron-cincoestrellas.jpg', 12, 12.00, 10.00, 100, 'active'),
('Bajoceromaracuya', 'Vodka', 'Vodka con un toque exótico de maracuyá, ideal para cócteles tropicales.', 1, 35, '/images/Licores/vodka-bajoceromaracuya.jpeg', 12, 15.00, 13.00, 100, 'active'),
('Gallorojo', 'Anis', 'Aguardiente anisado, perfecto para disfrutar solo o en cócteles.', 1, 35, '/images/Licores/anis-gallorojo.jpg', 12, 10.00, 8.00, 100, 'active'),
('Cattos', 'Whisky', 'Whisky de malta con un sabor suave y un toque de caramelo.', 1, 40, '/images/Licores/whisky-cattos.jpg', 12, 20.00, 17.00, 100, 'active'),
('Bajocerococo', 'Vodka', 'Vodka suave y fresco, ideal para preparar deliciosos cócteles.', 1, 35, '/images/Licores/vodka-bajocerococo.png', 12, 15.00, 13.00, 100, 'active'),
('Smirnoff', 'Vodka', 'Un vodka premium, conocido por su pureza y suavidad.', 1, 35, '/images/Licores/vodka-smirnoff.jpg', 12, 15.00, 13.00, 100, 'active'),
('Cartaroja', 'Baseron', 'Baseron con un sabor profundo y característico, ideal para disfrutar solo.', 1, 40, '/images/Licores/baseron-cartaroja.webp', 12, 10.00, 8.00, 100, 'active'),
('Barrica', 'Ron', 'Ron con un sabor rico y un final dulce, ideal para cócteles tropicales.', 1, 40, '/images/Licores/ron-barrica.jpg', 12, 12.00, 10.00, 100, 'active'),
('Deward', 'Whisky', 'Whisky con un perfil de sabor complejo, ideal para los amantes del whisky.', 1, 40, '/images/Licores/whisky-deward.jpg', 12, 20.00, 17.00, 100, 'active'),
('Caribublanco', 'Ron', 'Ron con un sabor suave y un toque de especias, perfecto para mezclar.', 1, 40, '/images/Licores/ron-caribublanco.jpg', 12, 12.00, 10.00, 100, 'active'),
('Grant', 'Whisky', 'Whisky suave y dulce, ideal para disfrutar solo o en cócteles.', 1, 40, '/images/Licores/whisky-grant.jpg', 12, 20.00, 17.00, 100, 'active'),
('Quimera', 'Ron', 'Ron con un sabor intenso y un toque de vainilla, ideal para cócteles.', 1, 40, '/images/Licores/ron-quimera.jpg', 12, 12.00, 10.00, 100, 'active'),
('Cartacho', 'Vinos', 'Vino tinto de cuerpo medio, ideal para acompañar comidas.', 1, 12, '/images/Licores/vino-cartacho.jpg', 12, 10.00, 8.00, 100, 'active'),
('Caribuselection', 'Ron', 'Ron con un sabor suave y un toque de frutas tropicales.', 1, 40, '/images/Licores/ron-caribuselection.jpg', 12, 12.00, 10.00, 100, 'active'),
('Cartacho', 'Sangria', 'Sangría refrescante con un toque de frutas, perfecta para compartir.', 1, 7, '/images/Licores/sangria-cartacho.bmp', 12, 9.00, 7.50, 100, 'active'),
('Old', 'Whisky', 'Whisky con un sabor robusto y un final ahumado.', 1, 40, '/images/Licores/whisky-old.jpg', 12, 20.00, 17.00, 100, 'active'),
('Malportada', 'Sangria', 'Sangría dulce y afrutada, ideal para disfrutar en verano.', 1, 7, '/images/Licores/sangria-malportada.webp', 12, 9.00, 7.50, 100, 'active'),
('Barricacrema', 'Ron', 'Ron con un sabor suave y un toque de caramelo.', 1, 40, '/images/Licores/ron-barricacrema.jpg', 12, 12.00, 10.00, 100, 'active'),
('Caribucoco', 'Ron', 'Ron con un perfil de sabor complejo, ideal para cócteles.', 1, 40, '/images/Licores/ron-caribucoco.jpg', 12, 12.00, 10.00, 100, 'active'),
('Bodega', 'Ron', 'Ron con un sabor suave y un toque de especias.', 1, 40, '/images/Licores/ron-bodega.jpg', 12, 12.00, 10.00, 100, 'active'),
('Cartujo', 'Anis', 'Aguardiente anisado, ideal para disfrutar solo o en cócteles.', 1, 35, '/images/Licores/anis-cartujo.png', 12, 10.00, 8.00, 100, 'active'),
('Cincoestrellasblanco', 'Ron', 'Ron con un sabor suave y un toque de frutas tropicales.', 1, 40, '/images/Licores/ron-cincoestrellasblanco.jpg', 12, 12.00, 10.00, 100, 'active'),
('Casillerodiablo', 'Vinos', 'Vino tinto de cuerpo medio, ideal para acompañar comidas.', 1, 12, '/images/Licores/vino-casillerodiablo.jpg', 12, 10.00, 8.00, 100, 'active'),
('Blackandwhite', 'Whiskey', 'Whisky con un perfil de sabor complejo, ideal para los amantes del whisky.', 1, 40, '/images/Licores/whiskey-blackandwhite.jpg', 12, 25.00, 22.00, 100, 'active'),
('Santateresablanco', 'Ron', 'Ron con un sabor intenso y un toque de vainilla.', 1, 40, '/images/Licores/ron-santateresablanco.jpg', 12, 12.00, 10.00, 100, 'active'),
('Madeira', 'Aguardiente', 'Aguardiente con un sabor fuerte y un toque de frutas.', 1, 50, '/images/Licores/aguardiente-madeira.png', 12, 10.00, 8.00, 100, 'active'),
('Bajocerofrutas', 'Vodka', 'Vodka con un toque exótico de frutas, ideal para cócteles tropicales.', 1, 35, '/images/Licores/vodka-bajocerofrutas.png', 12, 15.00, 13.00, 100, 'active'),
('Santateresa1796', 'Ron', 'Ron con un perfil de sabor complejo, ideal para cócteles.', 1, 40, '/images/Licores/ron-santateresa1796.jpg', 12, 12.00, 10.00, 100, 'active'),
('Naiguata', 'Baseron', 'Baseron con un sabor profundo y característico, ideal para disfrutar solo.', 1, 40, '/images/Licores/baseron-naiguata.jpg', 12, 10.00, 8.00, 100, 'active'),
('Cacique500', 'Ron', 'Ron con un sabor suave y un toque de especias.', 1, 40, '/images/Licores/ron-cacique500.jpg', 12, 12.00, 10.00, 100, 'active'),
('Santateresadanny', 'Ron', 'Ron con un sabor rico y un final dulce, ideal para cócteles tropicales.', 1, 40, '/images/Licores/ron-santateresadanny.jpeg', 12, 12.00, 10.00, 100, 'active'),
('Caribena', 'Sangria', 'Sangría refrescante con un toque de frutas, perfecta para compartir.', 1, 7, '/images/Licores/sangria-caribena.jpg', 12, 9.00, 7.50, 100, 'active'),
('Smirnoffbotella', 'Vodka', 'Vodka puro y suave, ideal para cócteles y mezclas.', 1, 35, '/images/Licores/vodka-smirnoffbotella.jpg', 12, 15.00, 13.00, 100, 'active'),
('Caraquena', 'Sangria', 'Sangría dulce y afrutada, ideal para disfrutar en verano.', 1, 7, '/images/Licores/sangria-caraquena.jpg', 12, 9.00, 7.50, 100, 'active'),
('Caribuparchita', 'Ron', 'Ron con un sabor suave y un toque de caramelo.', 1, 40, '/images/Licores/ron-caribuparchita.jpg', 12, 12.00, 10.00, 100, 'active'),
('Sagradafamilia', 'Vinos', 'Vino tinto de cuerpo medio, ideal para acompañar comidas.', 1, 12, '/images/Licores/vino-sagradafamilia.webp', 12, 10.00, 8.00, 100, 'active'),
('Sagradafamiliablanco', 'Vinos', 'Vino blanco fresco y afrutado, ideal para maridar con pescados.', 1, 12, '/images/Licores/vino-sagradafamiliablanco.webp', 12, 10.00, 8.00, 100, 'active'),
('Bandera', 'Anis', 'Aguardiente anisado, ideal para disfrutar solo o en cócteles.', 1, 35, '/images/Licores/anis-bandera.jpg', 12, 10.00, 8.00, 100, 'active'),
('Bajocerofresa', 'Vodka', 'Vodka con un toque exótico de fresas, ideal para cócteles tropicales.', 1, 35, '/images/Licores/vodka-bajocerofresa.jpg', 12, 15.00, 13.00, 100, 'active'),
('Cacique', 'Ron', 'Ron con un sabor suave y un toque de especias.', 1, 40, '/images/Licores/ron-cacique.jpg', 12, 12.00, 10.00, 100, 'active'),
('Chevalier', 'Basebrandy', 'Basebrandy con un sabor suave y un toque de frutas.', 1, 40, '/images/Licores/basebrandy-chevalier.jpg', 12, 10.00, 9.00, 100, 'active'),
('Polarbear', 'Vodka', 'Vodka suave y fresco, ideal para preparar deliciosos cócteles.', 1, 35, '/images/Licores/vodka-polarbear.png', 12, 15.00, 13.00, 100, 'active'),
('Cartachorose', 'Sangria', 'Sangría refrescante con un toque de frutas, perfecta para compartir.', 1, 7, '/images/Licores/sangria-cartachorose.webp', 12, 9.00, 7.50, 100, 'active'),
('Superior', 'Ron', 'Ron con un sabor intenso y un toque de vainilla.', 1, 40, '/images/Licores/ron-superior.jpg', 12, 12.00, 10.00, 100, 'active'),
('Bajoceroneutro', 'Vodka', 'Vodka con un toque exótico de frutas, ideal para cócteles tropicales.', 1, 35, '/images/Licores/vodka-bajoceroneutro.jpg', 12, 15.00, 13.00, 100, 'active'),
('Caribugold', 'Ron', 'Ron con un perfil de sabor complejo, ideal para cócteles.', 1, 40, '/images/Licores/ron-caribugold.jpg', 12, 12.00, 10.00, 100, 'active'),
('Santateresabicentenario', 'Ron', 'Ron con un sabor suave y un toque de caramelo.', 1, 40, '/images/Licores/ron-santateresabicentenario.png', 12, 12.00, 10.00, 100, 'active'),
('Santateresalinaje', 'Ron', 'Ron con un perfil de sabor complejo, ideal para cócteles.', 1, 40, '/images/Licores/ron-santateresalinaje.jpg', 12, 12.00, 10.00, 100, 'active');

-- Inserciones en la tabla CLIENTES
INSERT INTO CLIENTES (username, email, nacimiento, password, nombre, apellido, status) VALUES
('jdoe', 'jdoe@example.com', '1990-05-15', 'password123', 'John', 'Doe', 'active'),
('asmith', 'asmith@example.com', '1985-08-20', 'password456', 'Alice', 'Smith', 'active'),
('bwhite', 'bwhite@example.com', '1992-12-05', 'password789', 'Bob', 'White', 'active'),
('cgreen', 'cgreen@example.com', '1988-03-10', 'password111', 'Charlie', 'Green', 'active'),
('dblack', 'dblack@example.com', '1995-07-25', 'password222', 'Diana', 'Black', 'active'),
('emartinez', 'emartinez@example.com', '1983-01-30', 'password333', 'Eve', 'Martinez', 'active'),
('fgarcia', 'fgarcia@example.com', '1991-06-15', 'password444', 'Frank', 'Garcia', 'active'),
('hlee', 'hlee@example.com', '1989-09-20', 'password555', 'Helen', 'Lee', 'active'),
('ijones', 'ijones@example.com', '1993-02-10', 'password666', 'Ian', 'Jones', 'active'),
('kwalker', 'kwalker@example.com', '1986-11-25', 'password777', 'Kate', 'Walker', 'active');

-- Inserciones en la tabla FACTURA
INSERT INTO FACTURA (control, fecha, id_user, base, iva, total) VALUES
(123456, '2023-10-01', 1, 45.99, 21, 55.99),
(654321, '2023-10-02', 2, 23.97, 21, 28.99),
(112233, '2023-10-03', 3, 56.99, 21, 68.99),
(445566, '2023-10-04', 4, 34.99, 21, 42.99),
(778899, '2023-10-05', 5, 67.99, 21, 81.99),
(987654, '2023-10-06', 6, 29.99, 21, 36.99),
(135792, '2023-10-07', 7, 49.99, 21, 60.99),
(246801, '2023-10-08', 8, 39.99, 21, 48.99),
(102938, '2023-10-09', 9, 69.99, 21, 84.99),
(564738, '2023-10-10', 10, 59.99, 21, 72.99);

-- Inserciones en la tabla PRODUCTOS_FACTURADOS
INSERT INTO PRODUCTOS_FACTURADOS (id_factura, id_producto, cantidad, ingresos) VALUES
(1, 1, 2, 31.98),  
(1, 2, 3, 35.97),
(2, 3, 1, 29.99),  
(3, 4, 2, 18.00),  
(4, 5, 1, 18.00),  
(5, 6, 3, 40.50),  
(6, 7, 1, 39.99),  
(7, 8, 2, 10.00),  
(8, 9, 1, 29.99),  
(9, 10, 3, 9.00), 
(10, 1, 2, 20.00); 

-- Inserciones en la tabla ENVIOS
INSERT INTO ENVIOS (id_user, destino, id_factura, monto, entrega, tipo, status) VALUES
(1, 'Calle Falsa 123', 1, 5.00, '2023-10-03', 'minorista', 'pending'),
(2, 'Avenida Siempre Viva 742', 2, 5.00, '2023-10-04', 'minorista', 'pending'),
(3, 'Calle Real 456', 3, 5.00, '2023-10-05', 'minorista', 'pending'),
(4, 'Avenida Principal 1234', 4, 5.00, '2023-10-06', 'minorista', 'pending'),
(5, 'Calle Larga 789', 5, 5.00, '2023-10-07', 'minorista', 'pending'),
(6, 'Avenida Norte 901', 6, 5.00, '2023-10-08', 'minorista', 'pending'),
(7, 'Calle Sur 234', 7, 5.00, '2023-10-09', 'minorista', 'pending'),
(8, 'Avenida Este 567', 8, 5.00, '2023-10-10', 'minorista', 'pending'),
(9, 'Calle Oeste 890', 9, 5.00, '2023-10-11', 'minorista', 'pending'),
(10, 'Avenida Central 345', 10, 5.00, '2023-10-12', 'minorista', 'pending');

-- Inserciones en la tabla AVISOS
INSERT INTO AVISOS (titulo, descripcion, tipo, fecha) VALUES
('Stock Bajo', 'El stock de Vino Tinto está bajo. Solo quedan 10 unidades.', 'alerta', '2023-10-01'),
('Producción Detenida', 'La producción de Cerveza Artesanal se ha detenido temporalmente.', 'alerta', '2023-10-02'),
('Nuevo Producto', 'Se ha agregado un nuevo producto: Ron Blanco.', 'noticia', '2023-10-03'),
('Oferta Especial', 'Oferta especial en Cerveza Rubia: 3x2.', 'oferta', '2023-10-04'),
('Stock Agotado', 'El stock de Whisky Escocés se ha agotado.', 'alerta', '2023-10-05'),
('Nueva Promoción ', 'Nueva promoción en Champán Brut: 20% de descuento.', 'oferta', '2023-10-06'),
('Problema de Envío', 'Se ha producido un problema de envío en la zona norte.', 'alerta', '2023-10-07'),
('Nuevo Proveedor', 'Se ha agregado un nuevo proveedor: Vinos del Mundo.', 'noticia', '2023-10-08'),
('Stock Bajo', 'El stock de Sidra está bajo. Solo quedan 20 unidades.', 'alerta', '2023-10-09'),
('Oferta Especial', 'Oferta especial en Tequila: 2x1.', 'oferta', '2023-10-10');

-- Inserciones en la tabla PROVEEDORES
INSERT INTO PROVEEDORES (nombre, telefono, rif, ubicacion, status) VALUES
('Distribuidora de Bebidas S.A.', '0212-1234567', 'J-12345678-9', 'Caracas, Venezuela', 'active'),
('Vinos del Mundo', '0212-7654321', 'J-98765432-1', 'Maracaibo, Venezuela', 'active'),
('Cervecería Nacional', '0212-9012345', 'J-11111111-1', 'Valencia, Venezuela', 'active'),
('Licorera del Este', '0212-1111111', 'J-22222222-2', 'Maturín, Venezuela', 'active'),
('Bebidas Internacionales', '0212-2222222', 'J-33333333-3', 'Barquisimeto, Venezuela', 'active'),
('Distribuidora de Licores', '0212-3333333', 'J-44444444-4', 'Acarigua, Venezuela', 'active'),
('Cervecería Artesanal', '0212-4444444', 'J-55555555-5', 'San Cristóbal, Venezuela', 'active'),
('Vinos y Licores', '0212-5555555', 'J-66666666-6', 'Mérida, Venezuela', 'active'),
('Bebidas Nacionales', '0212-6666666', 'J-77777777-7', 'Trujillo, Venezuela', 'active'),
('Distribuidora de Bebidas Regionales', '0212-7777777', 'J-88888888-8', 'Táchira, Venezuela', 'active');

-- Inserciones en la tabla COMPRA_PROVEEDORES
INSERT INTO COMPRA_PROVEEDORES (id_proveedor, fecha_compra, fecha_entrega, cantidad_paquete) VALUES
(1, '2023-09-15', '2023-09-20', 100),
(2, '2023-09-22', '2023-09-25', 50),
(3, '2023-09-25', '2023-09-30', 200),
(4, '2023-09-28', '2023-10-02', 150),
(5, '2023-09-30', '2023-10-05', 300),
(6, '2023-10-02', '2023-10-07', 250),
(7, '2023-10-05', '2023-10-10', 100),
(8, '2023-10-07', '2023-10-12', 200),
(9, '2023-10-10', '2023-10-15', 300),
(10, '2023-10-12', '2023-10-17', 250);

INSERT INTO IMPUESTOS (nombre_impuesto, tasa, descripcion, tipo) VALUES
('IVA', 16.00, 'Impuesto sobre el valor añadido', 'Indirecto'),
('Impuesto sobre la renta', 15.00, 'Impuesto sobre los ingresos', 'Directo');